semantic,record_type,selector,shared_warehouse_source,normalized_result,authority,readiness_effect,heuristic_allowed,status
provider_task_identity,all selected ProviderOps facts,Runtime binding tuple,"external_task_id,smpp_source_id,provider_id,provider_instance_id",selected Provider task facts,"Runtime mcp_task.remote_binding selects the tuple",required,no,OBSERVED
provider_execution_identity,all committed facts with execution identity,"runtimeSemantic.binding or task_execution_binding","external_execution_id; relation task->execution; payload_json",exact/unresolved/conflict,"SMPP committed runtime binding or identity-validated found reconciliation after Runtime tuple selection",required,no,OBSERVED
dispatch_uncertainty,provider.recovery.lifecycle,"attributes.semantic=dispatch.uncertainty; schemaVersion=sdar.smpp-dispatch-uncertainty/v1",payload_json.runtimeSemantic.uncertainty,uncertain,"committed_postgres and smpp-runtime-postgres-authority",blocks until exact reconciliation,no,OBSERVED
reconciliation,provider.recovery.lifecycle,"attributes.semantic=task.reconciliation; schemaVersion=sdar.smpp-reconciliation-result/v1",payload_json.runtimeSemantic.reconciliation,"found_exact|not_found|conflict|unavailable|deferred","committed_postgres; found additionally requires identityValidated=true",found_exact recovers; conflict conflicts; other results remain not_ready,no,OBSERVED
mcp_task_control,provider.task.lifecycle,business terminal semantic,payload_json.runtimeSemantic.businessTerminal.mcpTaskStatus,"completed|failed|cancelled|unknown",Provider committed business-terminal payload,independent axis,no,OBSERVED
dispatch_transport,provider.task.lifecycle,business terminal semantic,payload_json.runtimeSemantic.businessTerminal.transportStatus,"certain|uncertain|recovered|unresolved|conflict",Provider payload plus Runtime uncertainty/reconciliation,independent axis,no,OBSERVED
provider_execution_terminal,provider.task.lifecycle,business terminal semantic,payload_json.runtimeSemantic.businessTerminal.providerExecutionStatus,typed provider execution state,Provider committed business-terminal payload,required terminal when expected,no,OBSERVED
provider_business_outcome,provider.task.lifecycle,business terminal semantic,payload_json.runtimeSemantic.businessTerminal.businessStatus,"succeeded|failed|unknown|not_applicable",Provider committed business-terminal payload,independent axis,no,OBSERVED
mission_identity,provider.execution.progress,"sdar.fact.kind=mission_relation","payload_json.runtimeSemantic.missionRelation; execution_mission_binding",not_required/exact/unresolved/conflict,Provider authoritative mission identity,optional in phase 1,no,OBSERVED
physical_observation_time,"provider.resource.state|provider.resource.metric|provider.resource.health|provider.execution.progress",sdar.evidence.kind,"observed_at; payload_json.runtimeSemantic.evidence.observedAt",observedAt preserved,Provider observation,never substitutes projectedAt,no,OBSERVED
origin_claims,all selected facts,originSystem=sdar,origin_sdar_* arrays,matched/missing/unverifiable/ambiguous/conflict,non-authoritative supporting claim,never selects facts,no,OBSERVED
generic_relation_hint,all non-approved relations,not task_execution_binding or execution_mission_binding,"relation_type,source/target ids,confidence_class,binding_source",diagnostic hint,non-authoritative,never selects facts,no,OBSERVED
